,Score,Date
0,0.0,2020-01-01
1,0.250425,2020-01-02
2,0.1709090909090909,2020-01-03
3,-0.13087500000000002,2020-01-04
4,0.19618571428571427,2020-01-05
5,0.2220875,2020-01-06
6,0.15465555555555555,2020-01-07
7,0.35784,2020-01-08
8,0.09371428571428571,2020-01-09
9,0.5237285714285714,2020-01-10
10,0.2522166666666667,2020-01-11
11,0.04057142857142857,2020-01-12
12,0.08683199999999999,2020-01-13
13,0.17163703703703703,2020-01-14
14,0.2047142857142857,2020-01-15
15,0.13496,2020-01-16
16,0.26230000000000003,2020-01-17
17,0.04808333333333333,2020-01-18
18,0.1359142857142857,2020-01-19
19,0.25104000000000004,2020-01-20
20,0.09046000000000001,2020-01-21
21,0.1338125,2020-01-22
22,0.09663636363636363,2020-01-23
23,0.09446666666666664,2020-01-24
24,0.4404,2020-01-25
25,0.0,2020-01-26
26,0.22101666666666667,2020-01-27
27,0.22414285714285714,2020-01-28
28,0.06024444444444445,2020-01-29
29,-0.1415,2020-01-30
30,0.11675999999999997,2020-01-31
31,0.12866666666666668,2020-02-01
32,0.1111909090909091,2020-02-02
33,-0.12582,2020-02-03
34,0.00010000000000000286,2020-02-04
35,0.09298888888888888,2020-02-05
36,-0.0012900000000000043,2020-02-06
37,-0.02475384615384615,2020-02-07
38,0.1347,2020-02-08
39,0.1501875,2020-02-09
40,0.05667,2020-02-10
41,0.05707142857142857,2020-02-11
42,0.0942,2020-02-12
43,-0.02027222222222223,2020-02-13
44,0.04051578947368421,2020-02-14
45,0.04683333333333333,2020-02-15
46,0.08297500000000002,2020-02-16
47,-0.1222625,2020-02-17
48,0.18839999999999998,2020-02-18
49,0.029709090909090907,2020-02-19
50,0.37823333333333337,2020-02-20
51,-0.047438095238095244,2020-02-21
52,0.11228461538461537,2020-02-22
53,0.1490388888888889,2020-02-23
54,-0.02674285714285714,2020-02-24
55,0.18753124999999998,2020-02-25
56,0.15375555555555553,2020-02-26
57,0.0845,2020-02-27
58,0.014220000000000003,2020-02-28
59,0.317,2020-02-29
60,0.08473333333333331,2020-03-01
61,0.08070476190476192,2020-03-02
62,-0.014456756756756756,2020-03-03
63,-0.056381249999999994,2020-03-04
64,0.13745,2020-03-05
65,0.0,2020-03-06
66,0.10982222222222222,2020-03-07
67,0.8625,2020-03-08
68,0.0811,2020-03-09
69,0.11435,2020-03-10
70,0.0,2020-03-11
71,0.14524166666666669,2020-03-12
72,-0.012671428571428571,2020-03-13
73,0.5994,2020-03-14
74,0.048312499999999994,2020-03-15
75,0.3579,2020-03-16
76,0.12894,2020-03-17
77,0.01755000000000001,2020-03-18
78,0.13642222222222222,2020-03-19
79,0.27005999999999997,2020-03-20
80,-0.16531666666666667,2020-03-21
81,0.48845000000000005,2020-03-22
82,-0.13655,2020-03-23
83,-0.1416125,2020-03-24
84,0.05862307692307693,2020-03-25
85,0.12685,2020-03-26
86,0.25895,2020-03-27
87,0.09765,2020-03-28
88,0.0,2020-03-29
89,0.24936666666666665,2020-03-30
90,0.3463875,2020-03-31
91,-0.045025,2020-04-01
92,0.16156666666666666,2020-04-02
93,-0.11917499999999999,2020-04-03
94,0.1899,2020-04-04
95,-0.0172,2020-04-05
96,-0.12206666666666666,2020-04-06
97,0.18106666666666665,2020-04-07
98,-0.1633,2020-04-08
99,0.0917375,2020-04-09
100,0.006285714285714285,2020-04-10
101,0.44975,2020-04-12
102,-0.05196666666666666,2020-04-13
103,0.41475,2020-04-14
104,0.19885714285714284,2020-04-15
105,0.11294166666666666,2020-04-16
106,0.21542,2020-04-17
107,0.29186,2020-04-18
108,0.01153333333333334,2020-04-19
109,0.0344,2020-04-20
110,0.13890952380952382,2020-04-21
111,0.20906666666666665,2020-04-22
112,0.2674875,2020-04-23
113,0.13884117647058825,2020-04-24
114,0.08057222222222221,2020-04-25
115,-0.1388,2020-04-26
116,0.2094375,2020-04-27
117,0.0043,2020-04-28
118,0.12952272727272726,2020-04-29
119,0.057946153846153856,2020-04-30
120,0.12467846153846152,2020-05-01
121,0.055164285714285714,2020-05-02
122,0.06168000000000001,2020-05-03
123,0.3242142857142857,2020-05-04
124,0.21657272727272725,2020-05-05
125,0.10776250000000001,2020-05-06
126,0.089575,2020-05-07
127,-0.02060909090909091,2020-05-08
128,0.22431666666666664,2020-05-09
129,0.09450000000000001,2020-05-10
130,0.056253333333333336,2020-05-11
131,0.2682,2020-05-12
132,-0.17297142857142855,2020-05-13
133,0.7345,2020-05-14
134,0.18287037037037038,2020-05-15
135,0.2735033333333333,2020-05-16
136,0.07711538461538463,2020-05-17
137,0.23767894736842107,2020-05-18
138,0.00545000000000001,2020-05-19
139,0.027121052631578952,2020-05-20
140,0.023977272727272732,2020-05-21
141,0.0901,2020-05-22
142,0.28535,2020-05-23
143,0.4455833333333333,2020-05-24
144,0.3828,2020-05-25
145,-0.17986666666666665,2020-05-26
146,0.05712142857142856,2020-05-27
147,0.21128888888888891,2020-05-28
148,0.26039,2020-05-29
149,0.49988,2020-05-30
150,0.3775777777777778,2020-05-31
151,0.5050666666666667,2020-06-01
152,0.1444,2020-06-02
153,0.13674615384615385,2020-06-03
154,0.09009230769230768,2020-06-04
155,0.13124285714285713,2020-06-05
156,0.09212000000000001,2020-06-06
157,0.0981,2020-06-07
158,0.33518333333333333,2020-06-08
159,0.0,2020-06-09
160,0.11850999999999998,2020-06-10
161,0.16541666666666666,2020-06-11
162,0.2549625,2020-06-12
163,0.2819285714285714,2020-06-13
164,0.0,2020-06-14
165,0.398725,2020-06-15
166,0.22419000000000003,2020-06-16
167,-0.58115,2020-06-17
168,0.2294,2020-06-18
169,0.3310666666666667,2020-06-19
170,0.39585000000000004,2020-06-20
171,-0.002466666666666691,2020-06-21
172,0.10592857142857144,2020-06-22
173,0.0,2020-06-23
174,0.38105,2020-06-24
175,0.7964,2020-06-26
176,0.0,2020-06-27
177,0.5994,2020-06-28
178,0.0,2020-06-29
179,0.470225,2020-06-30
180,0.30135,2020-07-01
181,0.2202,2020-07-06
182,0.3612,2020-07-08
183,0.54,2020-07-09
184,-0.1906,2020-07-13
185,-0.07555,2020-07-14
186,0.21384473684210525,2020-07-15
187,0.20095,2020-07-16
188,0.7734,2020-07-17
189,0.7184,2020-07-18
190,-0.314,2020-07-19
191,0.0363,2020-07-20
192,0.12673333333333334,2020-07-21
193,-0.12633333333333335,2020-07-22
194,0.1468,2020-07-23
195,-0.2152666666666667,2020-07-24
196,0.4019,2020-07-25
197,0.69,2020-07-26
198,0.0,2020-07-27
199,0.0,2020-07-28
200,0.4019,2020-07-30
201,0.18855555555555556,2020-07-31
202,0.06973333333333336,2020-08-01
203,0.23529999999999998,2020-08-02
204,0.6399,2020-08-03
205,0.17,2020-08-04
206,0.19956304347826087,2020-08-05
207,0.269925,2020-08-06
208,-0.4939,2020-08-07
209,-0.20105,2020-08-10
210,0.45004,2020-08-11
211,0.0,2020-08-12
212,0.0,2020-08-13
213,0.164925,2020-08-14
214,0.35056,2020-08-15
215,0.11925000000000001,2020-08-16
216,-0.4585,2020-08-17
217,0.0,2020-08-18
218,0.15213333333333331,2020-08-21
219,-0.15608000000000002,2020-08-22
220,0.5719,2020-08-23
221,0.4404,2020-08-24
222,0.0,2020-08-25
223,0.181725,2020-08-27
224,0.0,2020-08-28
225,0.11610000000000004,2020-08-30
226,-0.4466,2020-08-31
227,0.4307666666666667,2020-09-01
228,0.3562666666666667,2020-09-02
229,0.0,2020-09-04
230,0.0,2020-09-07
231,-0.16696666666666662,2020-09-12
232,0.27773333333333333,2020-09-13
233,-0.05103333333333334,2020-09-14
234,0.22173333333333334,2020-09-15
235,0.2423,2020-09-16
236,0.17136756756756757,2020-09-17
237,0.28184444444444445,2020-09-18
238,0.09593333333333333,2020-09-19
239,0.5367,2020-09-20
240,0.784,2020-09-21
241,0.01360000000000002,2020-09-22
242,-0.14934999999999998,2020-09-23
243,0.27,2020-09-24
244,0.0534,2020-09-28
245,0.0,2020-09-29
246,-0.05135,2020-09-30
247,-0.247,2020-10-02
248,0.20095,2020-10-04
249,0.5994,2020-10-06
250,-0.25,2020-10-07
251,-0.08355,2020-10-08
252,0.22958333333333333,2020-10-09
253,0.6361,2020-10-10
254,-0.28076666666666666,2020-10-11
255,-0.6381,2020-10-12
256,0.015750000000000014,2020-10-13
257,0.0,2020-10-14
258,0.10212000000000002,2020-10-15
259,0.0,2020-10-16
260,-0.28305,2020-10-19
261,0.69205,2020-10-20
262,-0.12867499999999998,2020-10-21
263,-0.010911111111111113,2020-10-22
264,0.6771,2020-10-23
265,-0.00883333333333336,2020-10-25
266,0.66065,2020-10-28
267,0.8207,2020-10-29
268,0.54605,2020-10-31
269,0.0,2020-11-01
270,0.68835,2020-11-02
271,0.636,2020-11-03
272,0.0,2020-11-04
273,-0.29806666666666665,2020-11-05
274,0.33525,2020-11-06
275,0.2981,2020-11-07
276,-0.010422222222222234,2020-11-08
277,-0.12695,2020-11-09
278,-0.5255,2020-11-11
279,0.43445,2020-11-12
280,0.5521,2020-11-13
281,-0.743,2020-11-14
282,0.43977777777777777,2020-11-16
283,0.1285666666666667,2020-11-17
284,0.020850000000000014,2020-11-18
285,0.0,2020-11-19
286,0.41864,2020-11-21
287,0.600075,2020-11-22
288,0.35655000000000003,2020-11-23
289,0.4746666666666666,2020-11-24
290,0.4957,2020-11-25
291,-0.08954999999999999,2020-11-26
292,-0.13765999999999998,2020-11-27
293,-0.0783,2020-11-28
294,0.3065,2020-11-29
295,0.27774166666666666,2020-11-30
296,-0.041300000000000024,2020-12-01
297,0.62315,2020-12-02
298,0.0,2020-12-03
299,0.42368000000000006,2020-12-04
300,-0.6776,2020-12-06
301,-0.038033333333333336,2020-12-08
302,-0.14633333333333334,2020-12-09
303,0.3426,2020-12-10
304,-0.148,2020-12-11
305,0.3382,2020-12-12
306,0.4004,2020-12-13
307,0.14049999999999999,2020-12-14
308,0.06345238095238095,2020-12-16
309,0.008218181818181826,2020-12-17
310,-0.041999999999999996,2020-12-18
311,0.0,2020-12-19
312,0.4215,2020-12-20
313,0.0,2020-12-21
314,0.07494,2020-12-22
315,0.4897,2020-12-23
316,-0.025738095238095234,2020-12-24
317,-0.030799999999999994,2020-12-25
318,-0.19593333333333332,2020-12-26
319,0.129475,2020-12-27
320,0.0,2020-12-28
321,0.39105,2020-12-29
322,0.16948000000000002,2020-12-30
323,0.17964,2020-12-31
324,0.0,2021-01-01
325,0.2562625,2021-01-02
326,0.14903333333333332,2021-01-03
327,0.025833333333333337,2021-01-04
328,-0.02865999999999998,2021-01-05
329,0.19671304347826088,2021-01-06
330,0.24525454545454548,2021-01-07
331,0.004378571428571442,2021-01-08
332,0.22279,2021-01-09
333,-0.07655,2021-01-10
334,0.0,2021-01-11
335,0.06915,2021-01-12
336,-0.12405,2021-01-13
337,0.3599333333333334,2021-01-14
338,-0.10187142857142858,2021-01-15
339,0.0593,2021-01-16
340,0.0985333333333333,2021-01-17
341,0.03808,2021-01-18
342,-0.167625,2021-01-19
343,0.0,2021-01-20
344,0.20144,2021-01-21
345,-0.26089999999999997,2021-01-22
346,0.005300000000000016,2021-01-23
347,0.4259,2021-01-24
348,-0.04442,2021-01-26
349,0.29022857142857145,2021-01-27
350,0.08582727272727272,2021-01-28
351,0.07051874999999999,2021-01-29
352,0.10752499999999998,2021-01-30
353,-0.18400000000000002,2021-01-31
354,0.0642857142857143,2021-02-01
355,0.10633333333333334,2021-02-02
356,0.33525,2021-02-03
357,0.15237142857142857,2021-02-04
358,0.10596999999999998,2021-02-05
359,-0.2294,2021-02-06
360,0.6682,2021-02-07
361,0.04916875,2021-02-08
362,-0.11359999999999999,2021-02-09
363,0.23483157894736842,2021-02-10
364,0.18015,2021-02-11
365,0.46979999999999994,2021-02-12
366,-0.018379999999999994,2021-02-13
367,0.49642,2021-02-14
368,0.616,2021-02-15
369,0.33672142857142856,2021-02-16
370,0.29400000000000004,2021-02-17
371,0.1072,2021-02-18
372,0.38295625,2021-02-19
373,0.1539076923076923,2021-02-20
374,0.26378888888888885,2021-02-21
375,0.12406666666666667,2021-02-22
376,0.142825,2021-02-23
377,0.15669285714285716,2021-02-24
378,0.26074,2021-02-25
379,0.016875,2021-02-26
380,0.0516,2021-02-27
381,0.0,2021-02-28
382,0.802,2021-03-01
383,0.296,2021-03-02
384,-0.25043333333333334,2021-03-03
385,0.12692,2021-03-04
386,-0.08714,2021-03-05
387,0.383625,2021-03-06
388,0.051949999999999996,2021-03-07
389,0.18675,2021-03-08
390,0.07558333333333332,2021-03-09
391,0.2695142857142857,2021-03-10
392,0.0033249999999999946,2021-03-11
393,0.26080000000000003,2021-03-12
394,0.030509999999999992,2021-03-13
395,0.1806,2021-03-14
396,0.07100000000000001,2021-03-15
397,0.14294,2021-03-17
398,0.33795,2021-03-18
399,0.32025,2021-03-19
400,0.0,2021-03-20
401,0.2263,2021-03-21
402,0.29633333333333334,2021-03-22
403,0.09719649122807018,2021-03-23
404,0.23767777777777777,2021-03-24
405,-0.05464,2021-03-25
406,0.17556666666666665,2021-03-26
407,0.13923333333333332,2021-03-27
408,0.593175,2021-03-28
409,-0.10413333333333334,2021-03-29
410,-0.1595,2021-03-30
411,0.04367499999999999,2021-03-31
412,-0.057166666666666664,2021-04-01
413,0.27174,2021-04-02
414,0.4521,2021-04-03
415,0.40776666666666667,2021-04-04
416,0.1716777777777778,2021-04-05
417,0.0,2021-04-06
418,-0.0028285714285714142,2021-04-07
419,0.17115833333333333,2021-04-08
420,-0.12899999999999998,2021-04-09
421,0.04206666666666666,2021-04-10
422,0.1423,2021-04-11
423,-0.16840000000000002,2021-04-12
424,-0.0831913043478261,2021-04-13
425,-0.18616666666666667,2021-04-14
426,0.02812500000000001,2021-04-15
427,0.1441705882352941,2021-04-16
428,0.3113333333333333,2021-04-17
429,-0.2612,2021-04-18
430,-0.018772727272727274,2021-04-19
431,-0.17736000000000002,2021-04-20
432,-0.41795,2021-04-21
433,-0.0007636363636363603,2021-04-22
434,-0.13183333333333336,2021-04-23
435,-0.11246,2021-04-24
436,-0.31875,2021-04-25
437,0.15406,2021-04-26
438,0.39555,2021-04-27
439,-0.19068000000000002,2021-04-28
440,0.22955454545454546,2021-04-29
441,-0.2936666666666667,2021-04-30
442,0.0,2021-05-01
443,-0.068925,2021-05-02
444,-0.2553,2021-05-03
445,-0.17005,2021-05-04
446,0.10382777777777778,2021-05-05
447,0.09851666666666666,2021-05-06
448,0.4925,2021-05-07
449,0.5562,2021-05-08
450,0.3818,2021-05-09
451,0.1779,2021-05-10
452,0.1875875,2021-05-12
453,0.2023,2021-05-13
454,0.08879200000000001,2021-05-14
455,0.51545,2021-05-15
456,0.29838333333333333,2021-05-16
457,0.1826,2021-05-17
458,0.03395999999999999,2021-05-18
459,0.014443750000000003,2021-05-19
460,0.1203217391304348,2021-05-20
461,0.164025,2021-05-21
462,0.353075,2021-05-22
463,-0.10429999999999999,2021-05-23
464,-0.043666666666666666,2021-05-24
465,0.33204,2021-05-25
466,0.25743333333333335,2021-05-26
467,0.062438461538461526,2021-05-27
468,0.12835,2021-05-28
469,0.16438000000000003,2021-05-29
470,0.034027272727272725,2021-05-30
471,0.079575,2021-05-31
472,-0.23678,2021-06-01
473,0.5867333333333333,2021-06-02
474,0.008938461538461532,2021-06-03
475,-0.027492307692307698,2021-06-04
476,-0.00894545454545455,2021-06-05
477,0.12855714285714287,2021-06-06
478,0.05786363636363636,2021-06-07
479,0.047392307692307685,2021-06-08
480,0.14921612903225806,2021-06-09
481,0.16069,2021-06-10
482,0.448325,2021-06-11
483,0.18783333333333332,2021-06-12
484,0.14975,2021-06-13
485,0.33899999999999997,2021-06-14
486,0.20590000000000003,2021-06-15
487,0.114,2021-06-16
488,0.3172142857142857,2021-06-17
489,0.5676599999999999,2021-06-18
490,0.1389,2021-06-19
491,0.1474,2021-06-20
492,0.2552111111111111,2021-06-21
493,0.20823333333333335,2021-06-22
494,-0.4215,2021-06-23
495,0.4698333333333333,2021-06-24
496,0.3105,2021-06-25
497,0.1468,2021-06-26
498,0.42433333333333334,2021-06-27
499,0.43472500000000003,2021-06-28
500,0.40492,2021-06-29
501,0.3197666666666667,2021-06-30
502,0.0,2021-07-01
503,-0.3527,2021-07-02
504,0.16424324324324324,2021-07-03
505,0.16018749999999998,2021-07-04
506,0.46395000000000003,2021-07-05
507,0.18707142857142856,2021-07-06
508,-0.1315875,2021-07-07
509,0.0452,2021-07-08
510,0.14049999999999999,2021-07-09
511,0.24037999999999998,2021-07-10
512,0.8272,2021-07-11
513,0.18787777777777778,2021-07-12
514,0.42169999999999996,2021-07-13
515,-0.148,2021-07-14
516,0.412,2021-07-15
517,0.2684333333333333,2021-07-16
518,0.011533333333333326,2021-07-17
519,-0.25298,2021-07-18
520,0.148675,2021-07-19
521,0.12363333333333333,2021-07-20
522,0.17761818181818181,2021-07-21
523,0.14298333333333332,2021-07-22
524,0.20135,2021-07-23
525,0.06166666666666667,2021-07-24
526,0.2467,2021-07-25
527,0.43246,2021-07-26
528,0.09668750000000001,2021-07-27
529,0.563225,2021-07-28
530,0.26336,2021-07-29
531,0.20891666666666667,2021-07-30
532,0.29341,2021-07-31
533,-0.05272857142857142,2021-08-01
534,0.15583333333333332,2021-08-02
535,-0.043899999999999995,2021-08-03
536,0.16378333333333334,2021-08-04
537,0.11856666666666667,2021-08-05
538,0.10273333333333333,2021-08-06
539,0.39054,2021-08-07
540,0.3732666666666667,2021-08-08
541,0.3735,2021-08-09
542,0.17354,2021-08-10
543,0.2799,2021-08-11
544,0.3082666666666667,2021-08-12
545,-0.3988666666666667,2021-08-13
546,0.41016666666666673,2021-08-14
547,0.11363333333333335,2021-08-15
548,-0.019250000000000017,2021-08-16
549,0.06471111111111111,2021-08-17
550,-0.07463333333333333,2021-08-18
551,0.1379625,2021-08-19
552,0.4669875,2021-08-20
553,0.38689999999999997,2021-08-21
554,0.17327142857142855,2021-08-22
555,0.21383333333333335,2021-08-23
556,0.04531428571428571,2021-08-24
557,0.21833043478260872,2021-08-25
558,0.25656410256410256,2021-08-26
559,-0.12534,2021-08-27
560,0.025839999999999995,2021-08-28
561,0.10771428571428573,2021-08-29
562,0.33674,2021-08-30
563,0.09251666666666665,2021-08-31
564,0.22210909090909092,2021-09-01
565,0.1014,2021-09-02
566,0.064275,2021-09-03
567,-0.21071666666666666,2021-09-04
568,0.05302499999999999,2021-09-05
569,0.23567500000000002,2021-09-06
570,0.04708333333333333,2021-09-07
571,0.06492857142857143,2021-09-08
572,0.09861923076923076,2021-09-09
573,-0.10881249999999999,2021-09-10
574,0.5479999999999999,2021-09-11
575,0.1784,2021-09-12
576,0.2808,2021-09-13
577,0.2054,2021-09-14
578,0.28632,2021-09-15
579,0.19914,2021-09-16
580,0.23588333333333333,2021-09-17
581,0.06554000000000001,2021-09-18
582,0.22888000000000003,2021-09-19
583,0.135875,2021-09-20
584,0.16169999999999998,2021-09-21
585,0.16193333333333335,2021-09-22
586,0.50046,2021-09-23
587,0.2982375,2021-09-24
588,0.37895,2021-09-25
589,0.3101333333333333,2021-09-26
590,0.1567888888888889,2021-09-27
591,0.6588,2021-09-28
592,0.03404999999999999,2021-09-29
593,-0.13836666666666667,2021-09-30
594,0.1591,2021-10-01
595,-0.51865,2021-10-02
596,0.3787,2021-10-03
597,0.12512500000000001,2021-10-04
598,0.036241176470588235,2021-10-05
599,0.12649166666666667,2021-10-06
600,0.12768125000000002,2021-10-07
601,0.11073333333333334,2021-10-08
602,0.27214285714285713,2021-10-09
603,0.08548333333333331,2021-10-10
604,0.1806793103448276,2021-10-11
605,0.048141176470588236,2021-10-12
606,0.22625,2021-10-13
607,0.09388823529411763,2021-10-14
608,0.03544799999999999,2021-10-15
609,-0.46740000000000004,2021-10-16
610,-0.1615,2021-10-17
611,0.07469999999999999,2021-10-18
612,0.27236190476190475,2021-10-19
613,-0.057981818181818176,2021-10-20
614,0.15431481481481482,2021-10-21
615,-0.23152,2021-10-22
616,0.3637666666666666,2021-10-23
617,0.1338,2021-10-24
618,-0.1153,2021-10-25
619,-0.041725000000000005,2021-10-26
620,0.28715,2021-10-27
621,0.06964,2021-10-28
622,-0.049116666666666677,2021-10-29
623,-0.1907142857142857,2021-10-30
624,-0.16566,2021-10-31
625,-0.14328,2021-11-01
626,0.001315000000000005,2021-11-02
627,0.21128333333333335,2021-11-03
628,0.32930000000000004,2021-11-04
629,0.06415,2021-11-05
630,0.044333333333333315,2021-11-06
631,0.17435,2021-11-07
632,-0.018114285714285718,2021-11-08
633,0.087175,2021-11-09
634,0.06561666666666666,2021-11-10
635,0.23371666666666668,2021-11-11
636,0.1565047619047619,2021-11-12
637,-0.07974000000000002,2021-11-13
638,0.1171625,2021-11-14
639,0.3482941176470588,2021-11-15
640,0.007321428571428564,2021-11-16
641,-0.09154166666666667,2021-11-17
642,0.016922222222222227,2021-11-18
643,-0.006772727272727253,2021-11-19
644,-0.3528375,2021-11-20
645,-0.06592857142857142,2021-11-21
646,0.004326315789473684,2021-11-22
647,0.10517499999999999,2021-11-23
648,-0.030428571428571433,2021-11-24
649,-0.37116666666666664,2021-11-25
650,-0.16609354838709678,2021-11-26
651,-0.01886666666666667,2021-11-27
652,0.1743888888888889,2021-11-28
653,0.0620125,2021-11-29
654,-0.009960000000000014,2021-11-30
655,0.006628571428571422,2021-12-02
656,-0.192835,2021-12-03
657,-0.09362058823529412,2021-12-04
658,0.017400000000000002,2021-12-05
659,0.18096666666666664,2021-12-06
660,0.03352558139534884,2021-12-07
661,0.05755416666666666,2021-12-08
662,-0.012349999999999986,2021-12-09
663,-0.16868823529411767,2021-12-10
664,-0.14709999999999998,2021-12-11
665,0.02391666666666667,2021-12-12
666,-0.1906,2021-12-13
667,0.12971666666666667,2021-12-14
668,-0.010985714285714284,2021-12-15
669,0.31329999999999997,2021-12-16
670,0.622,2021-12-17
671,0.2667473684210526,2021-12-18
672,0.0,2021-12-19
673,0.319275,2021-12-20
674,-0.06106666666666666,2021-12-21
675,0.09509999999999999,2021-12-22
676,-0.19251666666666667,2021-12-23
677,0.15688,2021-12-24
678,-0.1874,2021-12-25
679,0.1639611111111111,2021-12-26
680,0.13543157894736843,2021-12-27
681,0.132825,2021-12-28
682,0.18169999999999997,2021-12-29
683,0.03254,2021-12-30
684,0.072525,2021-12-31
685,0.02886363636363636,2022-01-01
686,0.37639999999999996,2022-01-02
687,0.483375,2022-01-03
688,0.023800000000000005,2022-01-04
689,0.032833333333333346,2022-01-05
690,-0.1001857142857143,2022-01-06
691,0.28432,2022-01-07
692,-0.07137777777777778,2022-01-08
693,-0.41247999999999996,2022-01-09
694,-0.043200000000000016,2022-01-10
695,-0.04997142857142857,2022-01-11
696,0.0,2022-01-12
697,-0.007899999999999994,2022-01-13
698,0.0033999999999999864,2022-01-14
699,0.23850000000000002,2022-01-15
700,-0.1901,2022-01-16
701,-0.19515000000000002,2022-01-17
702,-0.07107272727272727,2022-01-18
703,-0.09842857142857143,2022-01-19
704,0.034322222222222226,2022-01-20
705,0.08626666666666667,2022-01-21
706,-0.09122857142857144,2022-01-22
707,0.0509875,2022-01-23
708,-0.017752173913043474,2022-01-24
709,-0.044087499999999995,2022-01-25
710,0.11465,2022-01-26
711,0.09898333333333335,2022-01-27
712,0.08993333333333335,2022-01-28
713,0.301575,2022-01-29
714,-0.06455999999999999,2022-01-30
715,0.1956375,2022-01-31
716,-0.13708333333333333,2022-02-01
717,0.1445,2022-02-02
718,0.289475,2022-02-03
719,0.4019,2022-02-04
720,0.11587999999999998,2022-02-05
721,0.21595,2022-02-06
722,0.16424,2022-02-07
723,0.1170875,2022-02-08
724,-0.021678571428571436,2022-02-09
725,0.15074375,2022-02-10
726,-0.021850000000000015,2022-02-11
727,0.23427499999999998,2022-02-12
728,0.10200000000000002,2022-02-13
729,0.10891176470588235,2022-02-14
730,0.21206666666666665,2022-02-15
731,0.19835714285714287,2022-02-16
732,0.4390125,2022-02-17
733,0.17516666666666666,2022-02-18
734,0.064,2022-02-19
735,0.0845777777777778,2022-02-20
736,0.24659230769230772,2022-02-21
737,-0.10846,2022-02-22
738,-0.00683333333333334,2022-02-23
739,0.023330434782608704,2022-02-24
740,-0.07163333333333334,2022-02-25
741,-0.5336,2022-02-26
742,0.1567,2022-02-27
743,-0.08679230769230768,2022-02-28
744,0.36815555555555557,2022-03-01
745,-0.3483,2022-03-02
746,-0.10539090909090909,2022-03-03
747,0.0017875000000000044,2022-03-04
748,-0.0726,2022-03-06
749,-0.04012857142857142,2022-03-07
750,0.56305,2022-03-08
751,-0.12731666666666666,2022-03-09
752,0.03752222222222222,2022-03-10
753,-0.0395,2022-03-11
754,0.037649999999999996,2022-03-12
755,-0.04010000000000001,2022-03-13
756,-0.43696666666666667,2022-03-14
757,-0.008800000000000002,2022-03-15
758,-0.07936666666666665,2022-03-16
759,-0.2037125,2022-03-17
760,-0.04052499999999998,2022-03-18
761,0.04686666666666667,2022-03-19
762,-0.10758666666666668,2022-03-20
763,-0.1589,2022-03-21
764,0.058399999999999994,2022-03-22
765,0.19872499999999998,2022-03-23
766,0.060780000000000015,2022-03-24
767,0.184925,2022-03-25
768,-0.35723333333333335,2022-03-26
769,0.2038,2022-03-27
770,0.30144,2022-03-28
771,0.023566666666666663,2022-03-29
772,-0.012062500000000018,2022-03-30
773,0.0,2022-03-31
774,-0.19131666666666666,2022-04-01
775,0.156225,2022-04-02
776,0.3368875,2022-04-03
777,0.031166666666666676,2022-04-04
778,0.1909,2022-04-05
779,0.10988888888888888,2022-04-06
780,0.008599999999999997,2022-04-07
781,0.051380000000000016,2022-04-08
782,-0.433325,2022-04-09
783,-0.03635714285714285,2022-04-10
784,-0.2732,2022-04-11
785,-0.03664736842105263,2022-04-12
786,0.36728333333333335,2022-04-13
787,-0.2294,2022-04-14
788,0.17422500000000002,2022-04-15
789,-0.06203333333333333,2022-04-16
790,0.31556666666666666,2022-04-17
791,0.4404,2022-04-18
792,0.6452,2022-04-19
793,-0.239725,2022-04-20
794,0.08458000000000002,2022-04-21
795,0.0047000000000000375,2022-04-22
796,0.06939999999999996,2022-04-23
797,-0.095225,2022-04-24
798,0.3147111111111111,2022-04-25
799,0.025044444444444463,2022-04-26
800,0.04654545454545455,2022-04-27
801,-0.1578,2022-04-28
802,0.08525,2022-04-29
803,0.2184,2022-04-30
804,-0.38935000000000003,2022-05-01
805,0.3404,2022-05-02
806,0.24766666666666667,2022-05-03
807,0.07826666666666666,2022-05-04
808,0.14204166666666668,2022-05-05
809,0.7119,2022-05-06
810,0.2764333333333333,2022-05-07
811,0.02965000000000001,2022-05-08
812,0.12385714285714287,2022-05-09
813,0.02697272727272728,2022-05-10
814,0.010699999999999987,2022-05-11
815,0.14644,2022-05-12
816,0.2457333333333333,2022-05-13
817,-0.3316,2022-05-14
818,-0.04832857142857141,2022-05-15
819,0.1376,2022-05-16
820,0.0625,2022-05-17
821,0.05807500000000003,2022-05-18
822,0.17111666666666667,2022-05-19
823,-0.11124999999999999,2022-05-20
824,0.090875,2022-05-21
825,-0.5416,2022-05-22
826,0.3791,2022-05-23
827,0.07128666666666668,2022-05-24
828,0.25243333333333334,2022-05-25
829,0.10755714285714284,2022-05-26
830,0.275575,2022-05-27
831,-0.009566666666666666,2022-05-28
832,-0.12726666666666667,2022-05-29
833,0.159225,2022-05-30
834,-0.6776,2022-05-31
835,-0.004599999999999993,2022-06-01
836,0.13703333333333334,2022-06-02
837,-0.2869,2022-06-03
838,0.10647500000000001,2022-06-04
839,0.19783333333333333,2022-06-05
840,-0.14654,2022-06-06
841,-0.09293333333333333,2022-06-07
842,0.2532,2022-06-08
843,-0.08619999999999997,2022-06-09
844,0.2354,2022-06-10
845,0.14451666666666665,2022-06-11
846,0.0381,2022-06-12
847,0.14765555555555554,2022-06-13
848,-0.05146111111111111,2022-06-14
849,0.0,2022-06-15
850,0.13648000000000002,2022-06-16
851,-0.262075,2022-06-17
852,-0.018370270270270266,2022-06-18
853,-0.01750833333333333,2022-06-19
854,-0.12319999999999999,2022-06-20
855,0.2367,2022-06-21
856,0.14648,2022-06-22
857,-0.0747,2022-06-23
858,0.4329,2022-06-24
859,-0.1089,2022-06-25
860,-0.1909,2022-06-26
861,0.14434444444444444,2022-06-27
862,0.047994999999999996,2022-06-28
863,0.40162000000000003,2022-06-29
864,0.3584538461538462,2022-06-30
865,0.23195714285714283,2022-07-01
866,0.08066000000000001,2022-07-02
867,0.24654615384615383,2022-07-04
868,0.44528,2022-07-05
869,0.19104166666666667,2022-07-06
870,0.196825,2022-07-07
871,0.5309333333333334,2022-07-08
872,0.2780416666666667,2022-07-09
873,0.0,2022-07-10
874,0.12426,2022-07-11
875,0.3488,2022-07-12
876,0.041400000000000006,2022-07-13
877,-0.21930000000000002,2022-07-14
878,-0.002250000000000011,2022-07-15
879,0.119175,2022-07-16
880,-0.054542857142857136,2022-07-17
881,0.012933333333333333,2022-07-18
882,0.2151,2022-07-19
883,-0.14076666666666668,2022-07-20
884,0.22492666666666666,2022-07-21
885,0.30328,2022-07-22
886,0.0,2022-07-23
887,0.1901,2022-07-24
888,-0.19105999999999995,2022-07-25
889,0.2413,2022-07-26
890,0.3068625,2022-07-27
891,-0.1806,2022-07-28
892,0.3818,2022-07-29
893,0.0,2022-07-30
894,0.0,2022-07-31
895,0.44573333333333337,2022-08-01
896,0.36076,2022-08-02
897,0.04039,2022-08-03
898,-0.15246666666666667,2022-08-04
899,0.329,2022-08-05
900,0.375875,2022-08-06
901,0.2674666666666667,2022-08-07
902,-0.11555,2022-08-09
903,0.2043,2022-08-10
904,0.27115,2022-08-11
905,0.21625,2022-08-12
906,0.0,2022-08-14
907,0.0,2022-08-15
908,0.3454,2022-08-16
909,0.5387000000000001,2022-08-17
910,0.18572857142857144,2022-08-19
911,0.0,2022-08-20
912,0.0,2022-08-21
913,0.00645,2022-08-22
914,0.19765,2022-08-23
915,0.085,2022-08-24
916,0.0,2022-08-25
917,0.16323749999999998,2022-08-26
918,0.028900000000000002,2022-08-27
919,0.10605714285714285,2022-08-28
920,-0.19756666666666667,2022-08-29
921,0.0,2022-08-30
922,-0.2732,2022-08-31
923,0.5134000000000001,2022-09-01
924,-0.0367,2022-09-02
925,0.13396666666666665,2022-09-04
926,0.17,2022-09-05
927,0.04857142857142858,2022-09-06
928,0.10533999999999999,2022-09-07
929,0.06253,2022-09-08
930,0.0,2022-09-09
931,0.0,2022-09-10
932,0.0,2022-09-11
933,0.0,2022-09-12
934,-0.19054,2022-09-13
935,0.09862000000000001,2022-09-14
936,0.07773484848484848,2022-09-15
937,0.04301481481481481,2022-09-16
938,0.0,2022-09-17
939,-0.07224,2022-09-18
940,0.0,2022-09-19
941,0.24716666666666667,2022-09-20
942,0.105375,2022-09-21
943,-0.08642000000000001,2022-09-22
944,-0.29295,2022-09-23
945,0.210575,2022-09-24
946,0.0843,2022-09-25
947,0.3779571428571428,2022-09-26
948,0.37714444444444445,2022-09-27
949,0.14737272727272727,2022-09-28
950,-0.022250000000000006,2022-09-29
951,0.15531666666666666,2022-09-30
952,0.02953333333333333,2022-10-01
953,0.064,2022-10-02
954,0.30419999999999997,2022-10-03
955,0.029188888888888893,2022-10-04
956,-0.1768125,2022-10-05
957,0.0,2022-10-06
958,-0.06432500000000002,2022-10-07
959,-0.08814999999999999,2022-10-08
960,0.0129,2022-10-09
961,0.07365084745762711,2022-10-10
962,-0.1026,2022-10-11
963,0.05858333333333334,2022-10-13
964,0.19376,2022-10-14
965,-0.027166666666666655,2022-10-15
966,-0.03024444444444444,2022-10-16
967,0.1233,2022-10-17
968,0.09106666666666667,2022-10-18
969,0.07499,2022-10-19
970,-0.0663,2022-10-20
971,0.05618181818181817,2022-10-21
972,0.12993333333333335,2022-10-22
973,0.0,2022-10-23
974,0.245,2022-10-24
975,0.12572857142857144,2022-10-25
976,-0.0328125,2022-10-26
977,0.0,2022-10-27
978,0.11094,2022-10-28
979,0.1643875,2022-10-29
980,0.07373333333333333,2022-10-30
981,0.033488888888888874,2022-10-31
982,0.0903,2022-11-01
983,0.0,2022-11-02
984,0.04486428571428571,2022-11-03
985,-0.2787,2022-11-04
986,0.0,2022-11-05
987,-0.10753333333333333,2022-11-06
988,0.08955,2022-11-07
989,0.07165384615384615,2022-11-08
990,0.03515714285714285,2022-11-09
991,0.24704615384615383,2022-11-10
992,0.11290833333333333,2022-11-11
993,0.00873030303030303,2022-11-12
994,0.42140000000000005,2022-11-13
995,0.01137692307692308,2022-11-14
996,0.22813333333333333,2022-11-15
997,0.20607999999999999,2022-11-16
998,0.3404,2022-11-17
999,0.206825,2022-11-18
1000,0.15742,2022-11-19
1001,0.26330000000000003,2022-11-20
1002,-0.013374999999999998,2022-11-21
1003,0.1604142857142857,2022-11-23
1004,0.5901,2022-11-24
1005,0.06337499999999999,2022-11-25
1006,-0.0813,2022-11-26
1007,-0.2044,2022-11-27
1008,-0.20200000000000004,2022-11-28
1009,0.10412500000000001,2022-11-29
1010,0.2977,2022-11-30
1011,0.09820999999999999,2022-12-01
1012,0.20413333333333336,2022-12-02
1013,0.0028714285714285725,2022-12-03
1014,0.0,2022-12-04
1015,-0.054083333333333324,2022-12-05
1016,-0.023399999999999997,2022-12-06
1017,0.2757,2022-12-07
1018,0.026475,2022-12-08
1019,0.20363333333333333,2022-12-09
1020,0.1101,2022-12-10
1021,0.3182,2022-12-11
1022,0.06689999999999999,2022-12-12
1023,-0.06694285714285714,2022-12-13
1024,0.21106666666666665,2022-12-14
1025,0.3389,2022-12-15
1026,0.39666666666666667,2022-12-16
1027,0.1702,2022-12-17
1028,-0.08932,2022-12-18
1029,0.14229999999999998,2022-12-19
1030,0.12549000000000002,2022-12-20
1031,0.07014999999999999,2022-12-21
1032,0.0,2022-12-22
1033,0.0,2022-12-23
1034,0.3818,2022-12-24
1035,0.021199999999999997,2022-12-25
1036,-0.026399999999999996,2022-12-26
1037,0.13396666666666665,2022-12-27
1038,0.48363333333333336,2022-12-28
1039,0.24695,2022-12-29
1040,-0.03423333333333333,2022-12-30
1041,-0.0772,2022-12-31
1042,0.010671428571428568,2023-01-01
1043,0.12570454545454546,2023-01-02
1044,-0.002484210526315796,2023-01-03
1045,0.1157818181818182,2023-01-04
1046,0.21996666666666667,2023-01-05
1047,0.07800454545454545,2023-01-06
1048,0.2081730769230769,2023-01-07
1049,0.0751060606060606,2023-01-08
1050,-0.06254848484848484,2023-01-09
1051,0.078488,2023-01-10
1052,0.1635090909090909,2023-01-11
1053,0.11428815789473684,2023-01-12
1054,0.1327184210526316,2023-01-13
1055,0.07830188679245284,2023-01-14
1056,0.1655523076923077,2023-01-15
1057,0.05517297297297297,2023-01-16
1058,0.03542200000000001,2023-01-17
1059,0.1599823529411765,2023-01-18
1060,0.041724444444444446,2023-01-19
1061,0.08644057971014492,2023-01-20
1062,0.11685806451612904,2023-01-21
1063,0.036208333333333335,2023-01-22
1064,0.23226607142857142,2023-01-23
1065,0.046917647058823536,2023-01-24
1066,0.13250571428571428,2023-01-25
1067,0.1635021739130435,2023-01-26
1068,0.14943023255813953,2023-01-27
1069,0.11702564102564103,2023-01-28
1070,0.04954507042253521,2023-01-29
1071,0.1660876923076923,2023-01-30
1072,0.12404761904761905,2023-01-31
1073,0.025976923076923078,2023-02-01
1074,0.20168510638297873,2023-02-02
1075,0.018613999999999995,2023-02-03
1076,0.07935,2023-02-04
1077,0.12476666666666666,2023-02-05
1078,0.15254651162790697,2023-02-06
1079,0.14401842105263157,2023-02-07
1080,0.19520714285714286,2023-02-08
1081,0.103265306122449,2023-02-09
1082,0.13840789473684212,2023-02-10
1083,0.027797619047619054,2023-02-11
1084,0.13839374999999998,2023-02-12
1085,0.2914548387096774,2023-02-13
1086,0.14541428571428572,2023-02-14
1087,0.03589322033898305,2023-02-15
1088,0.03223541666666666,2023-02-16
1089,0.09852820512820513,2023-02-17
1090,0.11487666666666667,2023-02-18
1091,0.08442380952380953,2023-02-19
1092,0.1477068181818182,2023-02-20
1093,0.10218863636363636,2023-02-21
1094,0.09545277777777778,2023-02-22
1095,0.2171076923076923,2023-02-23
1096,0.18208148148148148,2023-02-24
1097,0.05608333333333334,2023-02-25
1098,0.21085806451612904,2023-02-26
1099,-0.009371428571428567,2023-02-27
1100,0.15045357142857144,2023-02-28
1101,0.11777619047619048,2023-03-01
1102,0.17592272727272726,2023-03-02
1103,0.02585294117647059,2023-03-03
1104,0.2865076923076923,2023-03-04
1105,0.19464399999999998,2023-03-05
1106,0.1885,2023-03-06
1107,0.04388620689655172,2023-03-07
1108,0.08485714285714287,2023-03-08
1109,0.1385,2023-03-09
1110,0.06721044776119403,2023-03-10
1111,0.29601060606060603,2023-03-11
1112,0.06993333333333333,2023-03-12
1113,0.12941127819548873,2023-03-13
1114,0.05045625,2023-03-14
1115,0.07216249999999999,2023-03-15
1116,0.15046285714285712,2023-03-16
1117,0.2061169642857143,2023-03-17
1118,0.11094505494505495,2023-03-18
1119,0.08887413793103448,2023-03-19
1120,0.1499541666666667,2023-03-20
1121,0.09009895833333333,2023-03-21
1122,0.09464623655913978,2023-03-22
1123,0.0268125,2023-03-23
1124,0.08324719101123597,2023-03-24
1125,0.08799333333333333,2023-03-25
1126,0.06046517857142857,2023-03-26
1127,0.1384466216216216,2023-03-27
1128,0.03799310344827586,2023-03-28
1129,-0.02752740740740741,2023-03-29
1130,0.0030476190476190477,2023-03-30
1131,0.09618899082568808,2023-03-31
1132,0.071318,2023-04-01
